DaySince2009,TempWeek
0,22.665235039401402
1,22.43640032145513
2,22.15521459037564
3,22.233020172550198
4,21.99212843342968
5,21.902724667030547
6,22.166929161835913
7,22.67205801300316
8,22.653961516993736
9,22.92538962673045
10,22.822068071268834
11,22.417156192801155
12,22.161290556266085
13,21.915366049307497
14,21.577069416733764
15,21.913943353077578
16,22.126202536185456
17,22.446632578112823
18,22.89334047946923
19,23.365567711464493
20,23.580283151594365
21,24.057977480465787
22,24.083643350786677
23,24.05117953746017
24,24.295618372632553
25,24.300888145137645
26,24.16135045619882
27,24.052447849342663
28,24.059626902085103
29,23.70873917065141
30,23.068927838538603
31,22.742863226920598
32,22.656819772458935
33,22.588200189459833
34,22.087376284429777
35,21.48391075572969
36,21.526435511157466
37,21.641499334807396
38,21.71677016803596
39,21.68394198645114
40,21.260304008096718
41,21.192569339186573
42,21.577552009362844
43,21.95665427139228
44,22.487608521219745
45,22.49824096524372
46,22.45226126333211
47,22.729900802987366
48,23.17674146161177
49,23.17702760041137
50,23.059633295535917
51,22.942624058300698
52,23.298086163553588
53,23.446358577523707
54,23.75072162496009
55,23.83633854965255
56,23.929985544070263
57,24.088100830455183
58,23.70557711048423
59,23.256415277685374
60,23.125106869246494
61,23.101933520936047
62,23.20324286032299
63,23.168721811285476
64,23.463373246706748
65,24.007824882610574
66,24.486949376708147
67,24.33030451046819
68,23.795126331318844
69,23.07330519262266
70,22.53945040798805
71,22.274132743085097
72,21.90406984025397
73,21.632730438237186
74,21.398474299352632
75,21.651689772939786
76,21.93491954287002
77,21.828600451649027
78,21.678121765879624
79,21.696837983950427
80,21.903678914641798
81,22.368399046077336
82,22.45875805891989
83,22.316616107811587
84,22.50111480248097
85,22.474243261438843
86,22.408136167005075
87,22.137328945622738
88,22.28732475797168
89,22.31064220367798
90,22.178609576235978
91,22.26865591441883
92,22.66831551513668
93,22.889524077175725
94,23.19726946943215
95,23.27338985143098
96,23.684951794952788
97,24.334526051009856
98,24.643343749846817
99,24.889965724521463
100,24.95037571819953
101,25.131727445240486
102,25.249402684641
103,25.45763107665456
104,25.59024438695502
105,25.758832224628655
106,25.810485753492056
107,25.82611017482136
108,25.97342686242168
109,25.970932493773965
110,26.081971000051457
111,25.95219992762218
112,26.09430027734601
113,26.164743481506243
114,26.307029110257883
115,26.46523905736774
116,26.546523178012404
117,26.16621063490596
118,25.905640261950943
119,25.517565215637998
120,24.991858123873186
121,24.67229000538761
122,24.379398121414116
123,24.176756461443095
124,24.50366711187016
125,25.028562816719074
126,25.133964268794944
127,25.354868343586602
128,25.56329865202004
129,25.56834395514323
130,25.67761216351799
131,25.829649184761852
132,25.852507350345082
133,25.95993120193196
134,25.883568401669603
135,25.971939295052106
136,25.980612139350768
137,25.931991239169445
138,25.881955203273478
139,25.77588021956085
140,25.899505023879506
141,26.263383636120885
142,26.35481605337331
143,26.545853576545618
144,26.739031847729727
145,26.841708181960865
146,27.08298757284597
147,27.35499159212635
148,27.430452373436626
149,27.36560345219992
150,27.02752757693481
151,27.03674158343638
152,27.012202528724337
153,27.068769743792043
154,27.240461301394944
155,27.333186227109895
156,27.500734520560783
157,27.849193692155993
158,28.241110437878262
159,28.48392572085709
160,28.4879415669016
161,28.430159881634722
162,28.479519038724717
163,28.586124508564236
164,28.66986374337231
165,28.738100806888216
166,28.717426782570865
167,28.891141121979864
168,28.49530634543424
169,28.18852326131405
170,28.110326339322054
171,28.00793610223005
172,27.784399443880325
173,27.524979692325495
174,27.444647622140803
175,27.787235072579147
176,27.83744921881357
177,27.73987646362237
178,27.594833347430814
179,27.72434322553889
180,27.994713825227674
181,28.01848010698219
182,28.124814516209184
183,28.214477982168138
184,28.39131568092819
185,28.51257518642614
186,28.57074182726125
187,28.59551192165279
188,28.609298567058048
189,28.702776314050155
190,28.764453134090882
191,28.75308662535241
192,28.82607470250257
193,28.761824856306703
194,28.715500861479647
195,28.54870233579951
196,28.354078314820438
197,28.32246254881607
198,28.06317576931745
199,27.895649152617143
200,27.836009709349632
201,27.75530636910272
202,27.822104690487432
203,27.9383773027598
204,27.908110594405652
205,27.98323570218406
206,28.01660220484956
207,27.931368656457927
208,27.67796231633141
209,27.681447107202196
210,27.72224711709986
211,27.637192751217313
212,27.87645427421215
213,27.923938231895388
214,27.968478921891244
215,28.33050500279047
216,28.387230727826513
217,28.5177004851349
218,28.45525676104953
219,28.581567327661336
220,28.602519653859062
221,28.606741256249425
222,28.580913909623717
223,28.56954835871478
224,28.50158135953994
225,28.575312308086627
226,28.576305103179337
227,28.701304103828917
228,28.654652208070598
229,28.634256707210163
230,28.428080678823576
231,28.438431259348786
232,28.18246001957085
233,28.04601661337179
234,27.898921105372697
235,27.8259971761864
236,27.658307531536213
237,27.736765565716453
238,27.740402396457018
239,27.760488431699557
240,27.942172808563367
241,27.773890502724523
242,27.418835017546915
243,27.39162461844042
244,27.29657945247491
245,27.042716819851357
246,27.068905363786218
247,26.99265656188636
248,27.05745347201976
249,27.305530427965063
250,27.51528743534756
251,27.814200756099247
252,28.157224125403765
253,28.08582850771984
254,28.391268632147693
255,28.455859608583225
256,28.4251589724751
257,28.494833154946598
258,28.348096431542928
259,28.25579577753239
260,28.33809997765932
261,28.235929651119935
262,28.15960939230412
263,28.081811120412578
264,28.241840267501406
265,28.298778287165128
266,28.337567591492274
267,28.309492695949416
268,28.290061036893754
269,28.22416814374137
270,28.262661053355973
271,28.20560835642503
272,28.17404444467592
273,28.281931610059857
274,28.26632926248643
275,28.28115114443674
276,28.244148829288438
277,28.181716422987154
278,28.23977016262591
279,28.168165220340146
280,28.2351173096817
281,28.28218801920811
282,28.367104700859887
283,28.2723749218328
284,28.24451269926306
285,28.16540628470489
286,28.192800250759333
287,28.229250232884294
288,28.24587476642285
289,28.151669850416436
290,28.255264348220532
291,28.284197696432315
292,28.301438383448353
293,28.324510997716853
294,28.23720053244042
295,28.109722900919177
296,28.008697040075184
297,27.997738317884572
298,27.982604666580745
299,27.90827704806759
300,27.92912930120941
301,27.930730010778237
302,28.05254844275701
303,27.932741946837155
304,27.98967592863112
305,28.016009927978615
306,27.953020357224066
307,27.8377150429321
308,27.77606292595939
309,27.68562433813421
310,27.53892917356619
311,27.302079833842466
312,27.19432802168941
313,26.969378634011292
314,26.798859158443303
315,26.594974051362904
316,26.55314169223895
317,26.574238028204444
318,26.585486182014176
319,26.545921519786425
320,26.64727820653283
321,26.645832673059857
322,26.60060828735046
323,26.58084618634423
324,26.590440098714357
325,26.55439510728716
326,26.55386096410832
327,26.521237501205707
328,26.64623080460666
329,26.726060248061497
330,26.9211844325815
331,26.87484491046523
332,26.918388835252042
333,26.884564881697088
334,26.97002741683642
335,27.037004903318017
336,26.981656635022127
337,26.979365663442493
338,26.876509599480723
339,26.60986714511282
340,26.31650745862747
341,25.92404287134767
342,25.386775905711726
343,25.158444669379747
344,24.69093341281923
345,24.365730607773802
346,24.293958250640717
347,24.35685328461088
348,24.302886392341307
349,24.565614221615412
350,24.214777174476986
351,24.134336726396395
352,24.27478573624345
353,24.32807392021597
354,23.785843606131483
355,23.709321567467317
356,23.4852991091701
357,23.583981605006574
358,23.46278630289539
359,23.311480584659854
360,23.43471311181863
361,23.761659680049508
362,24.00699725596993
363,23.93081553472773
364,23.908961274704613
365,23.730549734596877
366,23.60161726653001
367,23.311849353915797
368,23.149553439321526
369,23.00931709169274
370,22.721331646315733
371,22.62258263854876
372,22.589645193223998
373,22.763355926796883
374,22.96891579087987
375,23.014838455003
376,22.89168397955892
377,22.820606161726094
378,22.76719617146531
379,22.53966982834683
380,22.07782103389768
381,21.257220212875563
382,20.72105975106398
383,20.58326492138686
384,20.832254454523675
385,21.12771115061829
386,21.004527212525304
387,20.859828493221226
388,20.973222525326477
389,21.014499071488697
390,21.276922489809756
391,21.202744126967428
392,21.0213438050868
393,21.13779425286763
394,21.412284141417278
395,21.739045830029763
396,22.00658954786469
397,21.934268778534552
398,21.785805081212125
399,21.690812609730383
400,21.21520203803858
401,21.057816244398115
402,20.841361620001603
403,20.740577812413573
404,20.880739470123146
405,20.908650696825962
406,21.12671052648297
407,21.727924270351412
408,22.254266250910575
409,22.514586028664127
410,22.606693358011157
411,22.79844592716842
412,23.03459278677499
413,23.0314958480203
414,22.647025765508356
415,22.137321990200125
416,21.993887256366403
417,21.607547771347157
418,21.061426149152616
419,20.738619187332315
420,20.76573655468281
421,21.108276007410662
422,21.4355482786521
423,21.393239762534755
424,21.855281907743098
425,22.210936071647115
426,22.386283275389157
427,22.48738251758752
428,22.710913696775094
429,22.824321787503255
430,23.072125567097657
431,23.267262292565725
432,23.48663878970035
433,23.631334962799475
434,23.544619735698088
435,23.552981649713676
436,23.629825307823737
437,23.602030735467377
438,23.526607117686105
439,23.597224557470586
440,23.550285472415773
441,23.627408729757562
442,23.85131738618534
443,23.68499256505049
444,23.737136633376252
445,23.72673805661512
446,23.84412446980009
447,24.047099691440355
448,24.1676402769435
449,24.40083701705662
450,24.115647430968824
451,23.556236504712757
452,22.912859532470407
453,22.514763350593817
454,22.249930003974576
455,22.077250945472056
456,21.874497897896198
457,22.31495137674245
458,22.988426533761654
459,23.716215575924586
460,23.934062439564904
461,23.758873886143075
462,23.990253768327303
463,24.127487188742414
464,24.247814135801836
465,24.331615051376044
466,24.25994235587665
467,24.542946807561748
468,24.92362064297267
469,25.145686625972893
470,25.102847377044462
471,24.886371772223562
472,24.78971525571835
473,24.859094412552107
474,24.94064425330839
475,24.998275438542702
476,24.988883560266046
477,25.095516284980505
478,24.922984985089148
479,24.539924754186906
480,24.280910803056525
481,24.253496886422333
482,24.34841679341785
483,24.3865146539725
484,24.526056402576014
485,25.02385471971056
486,25.47696868491347
487,25.83414734267853
488,25.903736653569688
489,25.864320634154634
490,25.962880636314697
491,26.05830228820868
492,26.148694687500175
493,26.444652699343003
494,26.692728855547852
495,26.739210737786717
496,26.774954086310366
497,26.329382074611566
498,26.03216003253045
499,25.668033970158437
500,25.370918452660487
501,24.942413309667852
502,24.728546178911444
503,24.512352725990525
504,24.814064842600853
505,24.69797525168595
506,24.643532375785277
507,24.74004198154603
508,24.91734740567307
509,25.198021918224594
510,25.55743008987348
511,25.658177451971557
512,26.1702017713491
513,26.64976247879305
514,26.91906730330933
515,27.101132286452447
516,27.26534720090669
517,27.305238677333325
518,27.477004563060863
519,27.451526815653175
520,27.387703518446195
521,27.438330280710755
522,27.56221839829238
523,27.609922943789044
524,27.468362133818832
525,27.241089298624384
526,27.16967644775291
527,27.208226710623823
528,27.290891686316787
529,27.24045387420732
530,27.28370507699815
531,27.415932854869975
532,27.64484065466293
533,27.74343864307368
534,27.788252688644846
535,27.922843484908338
536,27.866743611258503
537,27.879479535099676
538,27.89163578799663
539,27.794012674336518
540,27.733271164534376
541,27.619195425725117
542,27.241481071663085
543,27.056991492690784
544,26.859270292876868
545,26.821730359713182
546,26.81478174842544
547,26.926736909995125
548,27.07488315279863
549,27.543199955454615
550,27.780497235040023
551,27.922288067409045
552,27.990202102038317
553,27.983203956316082
554,28.09628137311118
555,27.984234318320656
556,28.04885628688245
557,28.008687754290975
558,28.115935975800227
559,28.19243573900169
560,28.17654961566871
561,28.199064728596934
562,28.256649623108533
563,28.259883167835344
564,28.246347933539113
565,28.327906346413034
566,28.388785520326348
567,28.482059155346445
568,28.47841870782427
569,28.43738853527735
570,28.032691482079112
571,27.91034058437963
572,27.91383847981686
573,27.50311253722184
574,27.118174565116323
575,26.879171977313316
576,26.841802627868084
577,27.246878038494838
578,26.962503583983054
579,26.82374330940669
580,27.217888077388167
581,27.466151422407854
582,27.2395802899657
583,27.21513124622511
584,27.17994227262298
585,27.515005345734835
586,27.47385723063223
587,27.537287058636146
588,27.54967642271921
589,27.800387128139658
590,27.775735762134207
591,27.724756490220127
592,27.79531673642094
593,27.84829910904758
594,27.810251824993216
595,27.80029654927344
596,27.93664137482063
597,28.143004934656016
598,28.195043544013437
599,28.133233677509466
600,28.12119673765002
601,28.19631826561487
602,28.176558555665206
603,28.065048741864594
604,28.025007335645732
605,28.033600233418756
606,28.13108025045292
607,28.173467559823667
608,28.061650258504763
609,28.015205590672767
610,27.985776501015216
611,27.95111794508519
612,28.05237907974387
613,28.1836433073476
614,28.436216904926724
615,28.590604618822816
616,28.759134193635287
617,28.954565802768567
618,29.167882711833588
619,29.117862534210317
620,28.877222027121395
621,28.738662342105396
622,28.72744819245142
623,28.694549516020746
624,28.65755307151226
625,28.644105026737996
626,28.607336284017563
627,28.830554052264702
628,28.880629822344133
629,28.911874516878733
630,28.868454676798002
631,28.878064160273688
632,28.929358445500288
633,28.874673336564108
634,28.785439144248475
635,28.646162294598863
636,28.555100947085872
637,28.602010655418372
638,28.55792384614875
639,28.520487846414778
640,28.316462676130897
641,28.218577539940746
642,28.090507940138096
643,27.80535332338763
644,27.69051857159327
645,27.640315351009708
646,27.595280076147326
647,27.49786095380271
648,27.63620869631813
649,27.798953014784875
650,28.05307573186709
651,27.99531037142603
652,28.035977099125052
653,28.178240298149596
654,28.193881345391805
655,28.289303055014344
656,28.172166400899357
657,28.056803533983068
658,28.075675511954326
659,27.91428729584514
660,27.801395342015468
661,27.46954560434384
662,27.463182702235166
663,27.320508430557833
664,27.428386475272355
665,27.32294218180775
666,27.28028306814745
667,27.325909555070016
668,27.49784843609234
669,27.52630297827733
670,27.556462304486036
671,27.50070221444359
672,27.563431835172512
673,27.52898877981713
674,27.46171419817126
675,27.36642114489047
676,27.264390987570206
677,27.22467505908436
678,27.171545503400687
679,27.01563152928047
680,26.882967236828744
681,26.753004207917765
682,26.68755867533185
683,26.676535799275708
684,26.665719418262512
685,26.40837271526158
686,26.326773695104524
687,26.49269131509002
688,26.32344234793034
689,26.19041492966313
690,26.100670800240792
691,26.028983744129224
692,26.193109428222517
693,26.346369926043447
694,26.27207145539511
695,26.24011701610951
696,26.413227773219376
697,26.548802235877044
698,26.504908587107025
699,26.381431094585952
700,26.12340265724411
701,25.87838182636425
702,25.673421807709524
703,25.586591059842974
704,25.567978963110747
705,25.53583270744981
706,25.1786655655306
707,25.023802027042002
708,24.92468601986854
709,24.915380644610988
710,24.570525738600587
711,24.358128108009296
712,24.552083555291006
713,25.073002129292078
714,24.89779429602121
715,24.809132120574628
716,24.698099792604097
717,24.504056655537045
718,24.172287504886995
719,23.662136093621672
720,23.155562082397797
721,23.376966066226117
722,23.583194704166644
723,23.590573476546467
724,23.476027340730482
725,23.58227196976333
726,23.3995648222408
727,23.693667414026702
728,23.477858965535997
729,22.92850344089296
730,22.741775536877444
731,23.16795931951902
732,23.125059430263455
733,23.393165638878376
734,23.115433385653866
735,22.79860896625565
736,22.893570531530298
737,22.92512169963532
738,22.83748299863155
739,22.73222136378453
740,22.325495140849135
741,21.96899104349853
742,22.172349386291348
743,21.95458770107391
744,21.63024284823848
745,21.08303351517351
746,20.88160525442484
747,21.159393648785638
748,21.288426590760402
749,21.084220596569505
750,21.167003524970077
751,21.585312314855873
752,21.77177007764185
753,21.577065984444758
754,21.4010687080534
755,21.169305536897618
756,21.08461230916801
757,21.216402662386443
758,21.02083966832517
759,20.731711090469826
760,20.669112852392388
761,20.729641103008866
762,20.89372051111055
763,20.858077838038675
764,20.373420565857746
765,20.239481613228925
766,20.515607905000056
767,20.611063200059135
768,20.686143054392023
769,20.994180698682115
770,21.26405770644879
771,21.520930564928914
772,21.617682440644074
773,21.811194381319062
774,21.714184230803465
775,21.681306866173546
776,21.507163931913123
777,21.558994793332833
778,22.03689352077451
779,22.11909135418383
780,21.737630343603552
781,21.376392980130433
782,21.25000116971616
783,20.957799641329647
784,20.28243954889899
785,19.661179695846258
786,19.602660936368938
787,20.05290493049534
788,20.506937448851225
789,20.860107087472215
790,21.12100509538891
791,21.241825349613556
792,21.504232685167054
793,21.74372255942346
794,21.891339780170824
795,21.653571520951367
796,21.612159970706905
797,21.612621768570584
798,21.77183131371948
799,21.61617767428597
800,21.36019841737442
801,21.21660327702168
802,21.64377286123586
803,21.8439143601431
804,21.363077646331654
805,21.24073553095688
806,21.328771589600056
807,21.49391446462278
808,21.318840244252126
809,21.12303368303144
810,21.40631665821244
811,22.007954985319223
812,22.486613814815517
813,22.583970516164666
814,22.357099260641032
815,22.543425639498793
816,22.378482890169813
817,22.11457535906339
818,21.61542420332422
819,21.36727188978119
820,21.462583111965696
821,21.634042689003664
822,20.947981806803412
823,20.736904345678504
824,20.676448023586897
825,20.9072602872612
826,20.883554463383586
827,20.771117737476022
828,20.839460871664826
829,21.217772793242723
830,21.496272085136756
831,21.675986195103047
832,21.78237214333708
833,22.02155891148855
834,22.22158220519622
835,22.56142231558962
836,22.96090913364948
837,23.078186055356674
838,23.054187004348
839,23.03373531944415
840,23.05439862188845
841,23.152954804878355
842,23.187614934651435
843,23.03453010663453
844,23.417802015761907
845,23.78120981356624
846,24.143142342176347
847,24.272079589972403
848,24.370948868436688
849,24.408634364863865
850,24.581839368209675
851,24.74052106635972
852,24.978885530352205
853,25.05978764418468
854,25.322490999125208
855,25.50033202784782
856,25.515917421726073
857,25.63391381279382
858,25.75783198215286
859,25.91303291256468
860,26.019844370301687
861,26.212517363466574
862,26.292081609777757
863,26.509955571062708
864,26.69051176061616
865,26.726825617743643
866,26.69642317507679
867,26.778109555217977
868,26.849255213969553
869,26.78400213544844
870,26.832151309701963
871,26.91201851488913
872,27.075138668289995
873,27.20400582871393
874,27.358133615556795
875,27.424151726469358
876,27.421824503437254
877,27.61385843519953
878,27.53463970617405
879,27.44015925824759
880,27.27294720547089
881,27.36725026653522
882,27.41218891413976
883,27.592321738175354
884,27.632376228824246
885,27.844714348914998
886,28.094570682084488
887,28.21734902403104
888,28.36379064720964
889,28.41373748594473
890,28.54720875829475
891,28.760467318765883
892,28.853136706092705
893,29.022485493401163
894,29.164746647939012
895,29.2737100838924
896,29.350061315602552
897,29.405387636284953
898,29.376941466762926
899,29.383086891743805
900,29.42138077194446
901,29.324650542534503
902,29.32860280285279
903,29.324945298024772
904,29.079948894531054
905,28.838196833824206
906,28.638898099266648
907,28.395502438638637
908,28.279223299028637
909,28.03208467554281
910,28.0179730309898
911,27.712573848708047
912,27.862260720630534
913,27.88908665818684
914,27.954388679223356
915,28.008812117851726
916,28.06498441055445
917,27.998294291188312
918,28.199015805528568
919,28.318856330783795
920,28.254263572049318
921,28.33073388114112
922,28.36985743581143
923,28.47287655592291
924,28.536942774466457
925,28.42263281102307
926,28.43068885109853
927,28.669049025220193
928,28.614276178584877
929,28.857751553809976
930,28.897935778727675
931,28.939535049177845
932,29.03533098061402
933,29.043633396302795
934,29.113720406887627
935,29.00043709746876
936,28.800781521954786
937,28.692331203957952
938,28.69153031926651
939,28.688474227040658
940,28.747577229737768
941,28.80663677784251
942,28.814705811165684
943,28.683196838938976
944,28.550293388372907
945,28.1730305518286
946,28.122602745988626
947,28.00297145720864
948,27.95854356159465
949,27.61574079237006
950,27.93999788954906
951,28.046275783895922
952,28.274827783414374
953,28.443887446759124
954,28.291325897347765
955,28.313147463977213
956,28.429970882342747
957,28.370032706623164
958,28.162362118441443
959,28.06840896325421
960,27.903465112784986
961,27.895945153503444
962,27.641534777650847
963,27.488156662260522
964,27.20730593164462
965,27.149350777588587
966,26.993815407403144
967,26.812295956080966
968,26.47063811923513
969,26.334314312810537
970,26.313222854260623
971,26.468949524400664
972,26.168839306880283
973,26.349401576977094
974,26.481504213844204
975,26.61337321067263
976,26.872368418022784
977,26.8503233535701
978,27.032031857590518
979,27.317148616117368
980,27.382409008211326
981,27.395564040382965
982,27.450722431810608
983,27.47492651411071
984,27.471180650542653
985,27.34805632754048
986,27.29249742774143
987,27.355385691299034
988,27.37851065711569
989,27.200540321713973
990,27.28518757503652
991,27.36677093814833
992,27.46550822471793
993,27.576004896182358
994,27.542742284430865
995,27.554219637230315
996,27.79229760777322
997,27.764143400658426
998,27.84317109810007
999,27.73169640517392
1000,27.77646517136397
1001,27.811266072467912
1002,27.732764908580556
1003,27.761365049775723
1004,27.766017629072515
1005,27.741582713225682
1006,27.837882797062512
1007,27.869701069325263
1008,27.887306199315198
1009,27.855284851877308
1010,27.775617685370246
1011,27.66491025219162
1012,27.416428856199904
1013,27.380446810871504
1014,27.428567256438846
1015,27.349073836251577
1016,27.344009905041656
1017,27.38470040339882
1018,27.626977759339237
1019,27.740187908654924
1020,27.84453861947038
1021,27.832664025343863
1022,27.783625209329383
1023,27.576482581716583
1024,27.448100034471054
1025,27.341283924151096
1026,27.260606837756413
1027,27.19003538514696
1028,27.11349006043574
1029,27.21105330023147
1030,27.33184952419122
1031,27.2222965595897
1032,27.04622090336037
1033,26.915849630807042
1034,26.760025239277088
1035,26.615808687328194
1036,26.51529545862349
1037,26.262489000317192
1038,26.06370763262457
1039,26.123441041193995
1040,25.988775203032876
1041,25.8392651511328
1042,25.88320419195103
1043,25.8532871084898
1044,25.82977732664909
1045,26.069179069018936
1046,25.954044730429242
1047,25.597786127947053
1048,25.256002924940315
1049,25.12285063935598
1050,24.925492193513907
1051,24.750037105767344
1052,24.772596010704397
1053,24.707099349438426
1054,25.0675906382905
1055,25.320431120135453
1056,25.62820228122164
1057,25.616457675917744
1058,25.733700238104067
1059,25.769970503135458
1060,25.871173862990187
1061,25.93761682468785
1062,25.789123197432634
1063,25.704801727731763
1064,25.774029719015445
1065,25.748094137818583
1066,25.720888766171402
1067,25.673873948727202
1068,25.707954842539603
1069,25.76796766058834
1070,25.63070782053142
1071,25.702628559518953
1072,25.819969795604344
1073,25.822139433076362
1074,25.843843955190522
1075,25.631298995030576
1076,25.470845463674596
1077,25.420372511476188
1078,25.149826493247033
1079,24.98486924400185
1080,24.94551494591071
1081,24.59071993603879
1082,24.615218974069144
1083,24.89204741507082
1084,24.80373909611128
1085,24.95834798071284
1086,24.65394114493153
1087,24.452351798117057
1088,24.43092622697778
1089,24.204170399072282
1090,23.85386280927729
1091,23.84364146448142
1092,23.457620647770174
1093,23.594244968541556
1094,23.73521536427429
1095,23.861332869240474
1096,23.97484702977022
1097,23.82340255386518
1098,23.570732845326702
1099,23.350307050173548
1100,22.78455586089502
1101,22.1839413574612
1102,21.89569724411057
1103,21.663445989748073
1104,21.5145317350497
1105,21.650962713854305
1106,21.70476949894534
1107,21.917875442318312
1108,22.386191367202173
1109,22.667271061747325
1110,22.260316528452567
1111,22.13392109307795
1112,22.189110297628964
1113,22.094617286235973
1114,22.18826122252171
1115,22.161032354252022
1116,22.15310963574436
1117,22.67375366380005
1118,22.51258453156593
1119,22.0742510807061
1120,21.78494475249935
1121,21.48261065698095
1122,21.263567841020027
1123,21.342344203101362
1124,21.002589444643693
1125,21.097969385449208
1126,21.25697171480399
1127,21.308023105608335
1128,21.43216194176406
1129,21.591074150148838
1130,21.902171854903145
1131,22.2329602057261
1132,22.308526525934745
1133,22.460052824499563
1134,22.548160970669024
1135,22.65232875101717
1136,22.429032731423103
1137,22.037911298981868
1138,21.998466721020126
1139,22.278279064195388
1140,22.697576412494794
1141,22.789487000535267
1142,22.662268558823673
1143,22.6426986622323
1144,22.56025553956093
1145,22.560062838507204
1146,22.50065306471595
1147,22.322008442452525
1148,22.640967242654757
1149,23.2325478101953
1150,23.502133379006644
1151,23.265299166692895
1152,23.144763000246204
1153,22.80705778437622
1154,22.79283554728488
1155,22.376229041547745
1156,21.856710536432256
1157,21.876904864902887
1158,22.334505251602003
1159,22.42533652724663
1160,22.6426458747309
1161,22.692118469877187
1162,22.90825830552498
1163,23.459400553674584
1164,23.36703261019121
1165,23.179193795751928
1166,22.801834906063885
1167,22.399014490440457
1168,21.728665024012404
1169,21.16556897683204
1170,20.878167249352398
1171,20.975940330655277
1172,21.10961285852405
1173,21.247779044498326
1174,21.488567195070488
1175,22.118640822486977
1176,22.655831347112805
1177,22.97960166180434
1178,22.842028744202874
1179,22.396059524409264
1180,22.30621537067453
1181,22.24310793753828
1182,21.970058814894244
1183,21.853483401504686
1184,21.662433952625484
1185,21.84676212451251
1186,22.566592278129377
1187,22.941341206909453
1188,23.465749163306548
1189,23.905959883221037
1190,24.131335759936402
1191,23.946800021284584
1192,23.891160320358384
1193,23.452166885862514
1194,23.24906025525559
1195,23.064209219605484
1196,22.93881031013249
1197,22.91944256718166
1198,23.149795570162382
1199,23.491585296606033
1200,23.94066065917994
1201,23.96958508281106
1202,23.971201469700677
1203,23.690214572136025
1204,23.34595373640713
1205,23.078280848021464
1206,22.708672816053895
1207,22.480528713945777
1208,22.332639127371266
1209,22.335338539011836
1210,22.386348006355064
1211,22.59295860886345
1212,22.72003842365808
1213,22.801605467094426
1214,22.65968780412018
1215,22.802680126618032
1216,23.152451131901014
1217,23.513429619248242
1218,23.964681493820287
1219,24.40741113564032
1220,24.921729999017547
1221,25.268243133115174
1222,25.45308780909164
1223,25.753943392880966
1224,25.683943904328775
1225,25.565349069845727
1226,25.40382731594736
1227,25.198685741497496
1228,25.148018378317182
1229,25.2879074175588
1230,25.219397574908008
1231,25.181957244027398
1232,25.599941323571194
1233,25.846938997854423
1234,26.261836613127024
1235,26.621164686586024
1236,26.685564261687233
1237,26.694687021465565
1238,26.812900877990273
1239,26.93047231311612
1240,26.999828690112142
1241,27.117464054641655
1242,27.31885891920105
1243,27.431114909496646
1244,27.631410328296283
1245,27.642656680990875
1246,27.64238970401886
1247,27.79036539022721
1248,27.72878564605862
1249,27.56116083326473
1250,27.679308330372205
1251,27.749467564553644
1252,27.898257256027243
1253,28.10853360267161
1254,28.277252597205123
1255,28.31094562886686
1256,28.383574282061264
1257,28.46706394433887
1258,28.390308864508267
1259,28.41574446913447
1260,28.259121596179277
1261,28.14421203722099
1262,27.968287287727872
1263,27.833943998869287
1264,26.962437479008287
1265,26.87301126584858
1266,26.902853915892297
1267,26.82848402854135
1268,26.939002583752696
1269,26.997899846214167
1270,27.26690815652835
1271,28.18299866709722
1272,28.442872793463046
1273,28.583444178405923
1274,28.8502179881213
1275,29.02517765907532
1276,28.823230483499803
1277,28.579667853573728
1278,28.43152875820239
1279,28.131433923142854
1280,27.829136802695146
1281,27.7284927180358
1282,27.67691782755011
1283,27.863494447880544
1284,27.96662865590931
1285,28.03653864105147
1286,28.277620428118258
1287,28.45693367648282
1288,28.54048115670392
1289,28.550966444315062
1290,28.60537703233956
1291,28.48468499547312
1292,28.579914237432327
1293,28.63365393491126
1294,28.756115899252432
1295,28.652272844458842
1296,28.73202248177694
1297,28.627463168984466
1298,28.457156788245978
1299,28.219556250529013
1300,28.131258826381664
1301,28.04631084843004
1302,27.779140800820727
1303,27.40640751255961
1304,27.37340657847286
1305,27.350493122448945
1306,27.357875676393146
1307,27.179706854541
1308,27.028300407555466
1309,27.10367487495514
1310,27.35699132548
1311,27.405105738292466
1312,27.67810932993088
1313,27.696262164854286
1314,28.00795079445046
1315,28.04948063526634
1316,28.031718057055397
1317,28.09280092666353
1318,28.1166722672253
1319,28.074410597873182
1320,27.796718401960916
1321,27.381939447434053
1322,27.31579606064229
1323,27.32188881613494
1324,27.348766736802762
1325,27.259294620370387
1326,27.312334994729873
1327,27.574033723567645
1328,27.74553233787577
1329,27.803000169793748
1330,27.670199575564034
1331,27.608210234768233
1332,27.227392240705875
1333,27.15390072512061
1334,27.039323803080375
1335,27.130284820195982
1336,27.07988009398653
1337,26.95230710520421
1338,27.11945040350607
1339,27.49251440846376
1340,27.6619150316388
1341,27.70346984321055
1342,27.776941269969644
1343,28.02483408032156
1344,27.91591756963187
1345,27.81506325235202
1346,27.756261056744798
1347,27.88072375482953
1348,27.724765755103345
1349,27.83595536910529
1350,27.88481314056913
1351,27.958509117175605
1352,27.911248207582407
1353,27.85022792473396
1354,27.861302124289328
1355,27.646564408835665
1356,27.638392355898752
1357,27.73079450397904
1358,27.687263259144473
1359,27.64012585894948
1360,27.65553083398768
1361,27.702553027895945
1362,27.830616503920375
1363,27.91897341458455
1364,27.974268432009
1365,27.815596211233977
1366,27.99027888814896
1367,28.07697492562649
1368,28.006846576122776
1369,27.946160488645166
1370,27.96076741572816
1371,27.93713917054849
1372,27.94347701730612
1373,28.005436614004456
1374,27.972608535496313
1375,27.895454328534765
1376,27.75663865208287
1377,27.755995978614703
1378,27.79486478371277
1379,27.784378535999338
1380,27.797626707639385
1381,27.84437358620119
1382,27.83868296167428
1383,27.829467188179496
1384,27.70869520957226
1385,27.68695034842496
1386,27.55003296734507
1387,27.256167870168696
1388,27.12681586426603
1389,27.02505724996503
1390,26.925874966452273
1391,26.87736681559672
1392,26.667187204031904
1393,26.63507917695145
1394,26.455302813913928
1395,26.139636051809234
1396,26.08135024840797
1397,25.874864830868276
1398,25.78418804957721
1399,25.682157601187235
1400,25.65938847293427
1401,25.83858445986812
1402,26.036797265236743
1403,26.076551854884286
1404,25.951290325264157
1405,25.88729393878171
1406,25.724955540868002
1407,25.523678210331635
1408,25.369680502134134
1409,25.384557038883504
1410,25.395616427819846
1411,25.5285025046991
1412,25.61686701063866
1413,25.334277249776722
1414,25.372229466817856
1415,25.205980575114673
1416,25.122348867444884
1417,24.7653704916933
1418,24.421939620937067
1419,24.28917886610574
1420,24.412683330228873
1421,24.60728200625247
1422,24.403557861709643
1423,24.410268116480598
1424,24.48138277036002
1425,24.350649538337922
1426,24.344054621956108
1427,24.454773591568365
1428,24.44377765151823
1429,24.616222869169817
1430,24.87857828716817
1431,24.883982406986707
1432,25.09855257911625
1433,25.0220850224062
1434,24.84360339827644
1435,24.721839377298373
1436,24.641381958073925
1437,24.22494424701661
1438,23.76768974895773
1439,23.57559671828985
1440,23.06417476422917
1441,22.82937641895483
1442,22.92741721718738
1443,23.06589924992277
1444,23.175969963406608
1445,23.46242039399603
1446,23.682952530907166
1447,23.828690471482876
1448,23.820991884101694
1449,23.91361757763094
1450,23.905905845342563
1451,23.718816798314702
1452,23.47306586285103
1453,23.19797691338726
1454,23.100802329021654
1455,23.06612889583846
1456,22.92980856505774
1457,22.912396378716725
1458,23.05693852863232
1459,23.45298349909537
1460,23.751845173595655
1461,24.018477092679746
1462,24.076846060470956
1463,23.984438378440267
1464,23.527887131726267
1465,23.306486170819692
1466,23.012310518506773
1467,22.94415121565061
1468,22.936270462430297
1469,22.602145557815966
1470,22.584600547196562
1471,22.75811285187744
1472,22.893448240017285
1473,22.557930720729573
1474,22.106163448091433
1475,21.986807619104386
1476,21.859912960717967
1477,21.503022547378738
1478,21.08745806076815
1479,20.35433116239764
1480,20.252004541433568
1481,20.44317465289529
1482,20.43519596730602
1483,20.614185108696287
1484,21.13315761105051
1485,21.381754353271365
1486,21.697491292677853
1487,21.6508198871551
1488,21.396608030603648
1489,20.647478607676053
1490,20.229573880033687
1491,20.001243895645775
1492,20.119825723809196
1493,20.251128274730373
1494,20.527677821745623
1495,20.83970497999464
1496,21.609648022127033
1497,22.52032636683032
1498,22.68754433314992
1499,22.793633047684278
1500,22.865148031756515
1501,23.010530154322492
1502,23.104188822376436
1503,22.709846014149107
1504,22.5372989634301
1505,22.19719759834378
1506,21.812452123852495
1507,21.730828106202473
1508,21.86783272820097
1509,21.864116624666266
1510,21.97235048976607
1511,21.69405898423805
1512,21.755654330300835
1513,22.008543148092667
1514,21.70336753528026
1515,21.371942550554856
1516,21.46243455693476
1517,21.63059924173007
1518,21.962718595161856
1519,22.373778549796093
1520,22.774806516377232
1521,23.080153052052253
1522,22.992432815260898
1523,22.694573324434543
1524,22.52591993627334
1525,22.381809007481266
1526,22.053253342461066
1527,21.92255870051937
1528,21.972788433036918
1529,22.239240183689194
1530,22.478676160990545
1531,22.8133118251556
1532,22.866666880534037
1533,22.952464540564065
1534,22.75031840291795
1535,22.806655496568705
1536,22.894977878660864
1537,23.02612999053396
1538,22.992634611412786
1539,23.140031654784227
1540,23.42375695798221
1541,23.9742899965939
1542,24.32470247145174
1543,24.647474675789745
1544,24.876644255106385
1545,24.9119192110076
1546,25.068635000963965
1547,25.06035223417025
1548,25.13249075022801
1549,25.111523519527985
1550,25.29794099803695
1551,25.522175366846522
1552,25.151481250318145
1553,24.953486916876095
1554,24.738197673484166
1555,24.744283610152465
1556,24.50754810422521
1557,24.170686338764572
1558,24.11767498505593
1559,24.402961287564267
1560,24.82742901081931
1561,24.724795481938386
1562,24.69993981144824
1563,24.749666430595944
1564,24.843392097876432
1565,24.94090251843081
1566,24.90285133129566
1567,24.62613147125872
1568,24.6544990255409
1569,24.873479596760948
1570,24.862090483816456
1571,24.658387885199474
1572,24.54342010136442
1573,24.724052122899682
1574,24.949329126523647
1575,25.39847322520304
1576,25.041685575429895
1577,24.67915780844574
1578,25.170099661144537
1579,25.542900232061083
1580,25.730181043757383
1581,25.750857057255956
1582,25.944281107854223
1583,26.20223027430669
1584,26.763291194709414
1585,26.877943124495857
1586,26.45766462207227
1587,25.904892286769307
1588,25.5046427062397
1589,25.21902405213263
1590,25.232511580184898
1591,25.182086409605972
1592,25.194161650403235
1593,25.466911266446083
1594,25.98121411753147
1595,26.22495648812605
1596,26.32324846507055
1597,26.435582369918254
1598,26.466838626162353
1599,26.607687603736846
1600,26.79177283552893
1601,26.806258398528502
1602,26.695205404092423
1603,26.771854592290744
1604,26.3658342445983
1605,25.871516212655493
1606,25.473608096714422
1607,24.94937753748255
1608,24.25964740583778
1609,24.326315988698376
1610,24.542593489589887
1611,24.77420879124263
1612,25.159718113181157
1613,25.553400909475503
1614,26.082586425020548
1615,26.46902791219738
1616,26.86828151093174
1617,27.05460405441298
1618,27.050942164680684
1619,27.290861713419478
1620,27.433580284715944
1621,27.33752382335496
1622,27.172170534003882
1623,26.870613936110775
1624,26.70163017313859
1625,26.382571435481644
1626,26.38296154067777
1627,26.41092157974196
1628,26.625306524612416
1629,27.033563192108904
1630,27.32212182023075
1631,27.590732416207345
1632,27.98490729021589
1633,28.18760035593962
1634,28.162696979861728
1635,28.26145276428282
1636,28.324839007087377
1637,28.44648972093735
1638,28.43351510513998
1639,28.328591696776755
1640,28.44594368399576
1641,28.415588083810768
1642,28.534509059234693
1643,28.526528433640888
1644,28.51335192394097
1645,28.472936557690502
1646,28.495477315750747
1647,28.30028059247208
1648,28.015372973131075
1649,27.715828661662474
1650,27.412882894503763
1651,27.355151122451723
1652,27.32043427668738
1653,27.219768211064785
1654,27.2549408900649
1655,27.1249945076548
1656,26.917978144110638
1657,27.044154580108888
1658,26.87945701871618
1659,26.819657872981402
1660,26.8676941215308
1661,26.779638232335575
1662,26.87259888477967
1663,27.010750125062835
1664,27.07975420304093
1665,27.12458021718171
1666,27.07715237411882
1667,27.230603871196053
1668,27.46743279369749
1669,27.711083653576893
1670,27.74705677997104
1671,27.8432222405813
1672,27.96562392537213
1673,28.286967494939955
1674,28.440363571890593
1675,28.52634769296998
1676,28.5426893971665
1677,28.802153869246162
1678,29.031290284726644
1679,29.175943931416892
1680,29.245927409318845
1681,29.135331585454622
1682,29.2181479440837
1683,29.175188864397857
1684,29.058200705116384
1685,29.044159584511874
1686,28.963364728278236
1687,28.69301130357737
1688,28.71172146753815
1689,28.649917226160234
1690,28.613147236438543
1691,28.787368014485402
1692,28.747091444731293
1693,28.646976959490946
1694,28.83495994980032
1695,28.8151714861357
1696,28.913666158672275
1697,28.97686281472058
1698,28.946255585436838
1699,29.163647309269425
1700,29.2881826002752
1701,29.21542198312503
1702,29.25749414046366
1703,29.15830838276279
1704,28.88180194958876
1705,28.948617953316123
1706,28.901219036996178
1707,28.924549755307346
1708,28.909291802631728
1709,28.778651852963876
1710,28.70647181067488
1711,28.919788957975037
1712,29.002658702094976
1713,28.950450240397487
1714,29.05246359272903
1715,29.04366987019818
1716,29.214747439818012
1717,29.243963973539426
1718,29.0414008706922
1719,29.002673446241122
1720,28.911516576060574
1721,28.77937278887531
1722,28.56479602559171
1723,28.7023985427609
1724,28.671575097017676
1725,28.768738521257013
1726,28.774332119687717
1727,28.708467567977397
1728,28.691337819709517
1729,28.76266176985061
1730,28.840479292392573
1731,28.770548694249783
1732,28.660188494583604
1733,28.59609874617241
1734,28.54558816177359
1735,28.450637994069567
1736,28.29859068828976
1737,28.01584798543806
1738,27.912741554862887
1739,27.880320510108323
1740,27.852140145225203
1741,27.69516870469908
1742,27.54948031793483
1743,27.480397735680945
1744,27.491338716213114
1745,27.377049520967304
1746,27.65182214556039
1747,27.682084638007925
1748,27.73742369572257
1749,27.768702429682435
1750,27.997199078787858
1751,28.064565630791748
1752,28.011769661462566
1753,28.08943367828129
1754,28.043978071922137
1755,28.15402679252687
1756,28.34309300850374
1757,28.25415936897619
1758,28.300811178918906
1759,28.356402245853314
1760,28.230260613404294
1761,28.14971162782329
1762,27.88611833439062
1763,27.60015093584862
1764,27.59564239958241
1765,27.4168388861834
1766,27.24715552007021
1767,27.26679714218962
1768,27.098011414177176
1769,27.024079726355538
1770,26.931065373823547
1771,26.769589503265813
1772,26.68937524698991
1773,26.535008035765298
1774,26.559234815440295
1775,26.297619911876744
1776,26.158789235864916
1777,26.202463712264866
1778,26.140232861260063
1779,25.897854742592408
1780,25.891074729363822
1781,25.856977220551734
1782,26.050849777125883
1783,26.065869448008268
1784,26.116912667658934
1785,25.949187268883943
1786,25.54946224817449
1787,25.439567629085154
1788,25.312297289922412
1789,25.33938795475948
1790,25.37241142655851
1791,25.466566719463323
1792,25.58596340471641
1793,26.25145706411255
1794,26.100369025536878
1795,25.97117643577937
1796,25.883796298083393
1797,25.591733320831274
1798,25.456652528677107
1799,25.021632957495495
1800,24.49131239418907
1801,24.404409328307576
1802,24.3529487997863
1803,24.47783502384858
1804,24.355830165677663
1805,24.178873490408833
1806,24.33470973522406
1807,24.44122037980696
1808,24.07784468660475
1809,23.66793851949885
1810,23.00828737299204
1811,23.04685245721311
1812,23.19445294166288
1813,23.157459456602083
1814,22.893225241445244
1815,22.832669699444697
1816,23.02361938531625
1817,23.19113310438822
1818,22.920909825116674
1819,23.029233153212324
1820,22.74638353664971
1821,22.666544558800545
1822,22.64619880088712
1823,22.761702684900737
1824,22.78725969378216
1825,22.642832063345605
1826,22.22136134800648
1827,22.393850963696874
1828,22.73308462347751
1829,22.55908826705215
1830,22.284454876892205
1831,22.41064354049595
1832,22.687299407776525
1833,22.51566342309282
1834,22.368724808138527
1835,22.04805078269132
1836,22.21864943557031
1837,22.51842324516805
1838,22.70127041349143
1839,22.247521905180854
1840,22.12590347038015
1841,22.10678259018286
1842,21.875510627166566
1843,21.626907634024356
1844,21.575550532367625
1845,21.078065436484458
1846,20.656811420552625
1847,20.36034058036556
1848,20.057616565563745
1849,20.133080379534558
1850,20.038816242773564
1851,19.81949872379157
1852,19.829382893846237
1853,20.307868357919062
1854,20.742292595952154
1855,20.961340522803447
1856,21.212747291582897
1857,21.67463037851483
1858,21.99052474741482
1859,22.09184474863354
1860,21.92040954537126
1861,21.753319588195417
1862,21.881777128613603
1863,21.823562994179643
1864,21.875668543924185
1865,21.9366453473954
1866,21.905300238961246
1867,21.823694605880352
1868,21.981594289931756
1869,22.03735762816108
1870,21.81650404086256
1871,21.370338357144327
1872,20.69129554924624
1873,20.53536892911801
1874,20.78612384536492
1875,20.79751755758927
1876,20.46295338320976
1877,20.22740968724586
1878,20.478820888718182
1879,20.706986213560835
1880,20.55082669090375
1881,20.18150244359475
1882,20.28669999949005
1883,20.503227452963944
1884,21.02528422978358
1885,20.994331510321672
1886,20.97222393864614
1887,21.195590314255675
1888,21.35083448046268
1889,21.062402494846594
1890,20.68485606996374
1891,20.552214489847927
1892,20.44576387250074
1893,20.271316316778286
1894,20.13352189977747
1895,20.394994775332332
1896,20.937903822487936
1897,21.375660528996033
1898,21.29108107047126
1899,21.29384415864582
1900,21.819314609220175
1901,21.866586358415365
1902,21.852576674715436
1903,21.953741858689803
1904,21.9710643445468
1905,21.723599721671253
1906,21.74876282941511
1907,21.754837078355685
1908,21.743909201606648
1909,21.839612594147226
1910,21.41209366473972
1911,21.233527267510834
1912,21.64162426200001
1913,21.972538589395107
1914,22.000265375380998
1915,22.322708543874928
1916,22.543404669780163
1917,23.039116882600293
1918,23.577748455349667
1919,23.6606568851611
1920,23.702440497096916
1921,23.720457520066223
1922,23.70370014838334
1923,23.651253041016187
1924,23.553689088202514
1925,23.227057263237008
1926,23.300488132615705
1927,23.56739659446953
1928,23.50987765354739
1929,23.364535737639333
1930,23.133169992756486
1931,23.15253649894595
1932,23.298970522436097
1933,23.27776403437319
1934,23.071187312343863
1935,23.47876762170121
1936,23.93286927249539
1937,24.196122364559276
1938,24.15155130464283
1939,24.022734458491705
1940,23.750118777690844
1941,23.43935341083894
1942,22.98248451430645
1943,22.719328273576192
1944,22.72383304301693
1945,22.888429693630666
1946,23.152197605700053
1947,23.288708158840823
1948,23.426215352513598
1949,23.68446757460401
1950,23.796754268332133
1951,23.811789945257416
1952,23.796710618647925
1953,23.862939654170372
1954,23.761345015463174
1955,23.729199109361915
1956,23.64045484324796
1957,23.524450348493446
1958,23.333601233072283
1959,23.138420300585878
1960,23.33353011597274
1961,23.82787029957746
1962,24.26581992304269
1963,24.732236873647157
1964,25.176916176893318
1965,25.485852734246212
1966,25.836698675929338
1967,25.80264765390073
1968,25.687858018009504
1969,25.557382932884597
1970,25.52141951723297
1971,25.552417822305458
1972,25.486010677270713
1973,25.355292791031808
1974,25.756204458163847
1975,26.003023547954427
1976,26.00296308519654
1977,25.936781520781288
1978,25.72409157897122
1979,25.700777052291347
1980,25.65007937825526
1981,25.44782237627293
1982,25.37568126249322
1983,25.581811480557178
1984,25.644420216043553
1985,25.717122727619774
1986,26.037934140989176
1987,26.27622274909063
1988,26.36146928178433
1989,26.536680841363783
1990,26.631593736452263
1991,27.024509972538567
1992,27.35195977836432
1993,27.5392937135095
1994,27.56140788957735
1995,27.605322503133777
1996,27.64077191260539
1997,27.645072345202248
1998,27.787136139244566
1999,27.916235027936214
2000,27.894454476070084
2001,28.125887876369713
2002,28.45368918554142
2003,28.677750911024503
2004,28.823133513086265
2005,28.94878780209109
2006,29.048349022042018
2007,29.112611620901546
2008,29.168016065051226
2009,29.225645197934355
2010,29.24260790679731
2011,29.14668860822538
2012,29.043386805628852
2013,28.800030260820414
2014,28.82435422193683
2015,28.579617724333698
2016,28.50140205553231
2017,28.55502303413433
2018,28.63103695742135
2019,28.797228955680914
2020,28.96539235343356
2021,29.15301386499257
2022,29.15950023842757
2023,29.221867623616884
2024,29.186661318102352
2025,29.284249409965412
2026,29.236846350255984
2027,29.385163725591674
2028,29.345944027143258
2029,29.61466476534156
2030,29.547258073317767
2031,29.56207562830868
2032,29.644652064037018
2033,29.729762371032578
2034,29.689042108331886
2035,29.485512049408293
2036,29.34991436530266
2037,29.21719757385192
2038,28.945255935376437
2039,28.467161254570588
2040,28.282298849567553
2041,28.03469323632236
2042,27.8824167269519
2043,27.901274945342053
2044,28.025184836383755
2045,28.303273895212392
2046,28.36210884998389
2047,28.554737629238492
2048,28.68815075110721
2049,28.94544166890466
2050,28.96022315842618
2051,29.023759808904256
2052,29.146611847842674
2053,29.248919834064914
2054,29.225928138661704
2055,29.28122743199822
2056,29.17279265170523
2057,28.867927729209292
2058,28.941765946476462
2059,28.869332723963108
2060,28.789610516441577
2061,28.757529877897987
2062,28.833888099494065
2063,28.969206532855686
2064,29.296158100669647
2065,29.310871056523972
2066,29.21931664345163
2067,29.166690355911967
2068,28.936771322051282
2069,28.80307928089605
2070,28.368306218324317
2071,28.053482695067068
2072,27.830719624942894
2073,27.49673138237774
2074,27.508586284096552
2075,27.609673380362548
2076,27.71997276376669
2077,27.937231058343734
2078,28.106438267251452
2079,28.44228737389255
2080,28.7400265759527
2081,28.91181489830763
2082,29.009733955212514
2083,29.039581381750345
2084,29.12818626935735
2085,29.251511839452245
2086,29.26948006306798
2087,29.434086242116216
2088,29.471249556241936
2089,29.281622875142197
2090,29.269457426124873
2091,29.18180453915925
2092,29.226141428921505
2093,29.183289135816104
2094,29.1890226029696
2095,29.266256922684242
2096,29.441446167539773
2097,29.43151103018005
2098,29.500443608074974
2099,29.47792361476793
2100,29.364327462742207
2101,29.414462501855965
2102,29.255809926225393
2103,29.25711069878288
2104,29.090323611009666
2105,28.941966681887454
2106,28.73754823705591
2107,28.470228280498247
2108,28.163000292462048
2109,27.8815484126879
2110,27.881973966507843
2111,27.766117802788468
2112,27.757798366513583
2113,27.693355373076084
2114,27.719153183951025
2115,27.830242191904176
2116,27.877430035464737
2117,27.632379761660502
2118,27.4515608394439
2119,27.037714890864276
2120,26.847119846366514
2121,26.681554084151184
2122,26.626046734206064
2123,26.66900799291506
2124,26.799006136422378
2125,26.700951311156533
2126,27.072008066209282
2127,27.12050686120386
2128,27.29178889179164
2129,27.285821101145245
2130,27.438365786400915
2131,27.321443131081885
2132,27.41927290399999
2133,27.486113585284116
2134,27.577395257946755
2135,27.536364806297783
2136,27.47861604570372
2137,27.553347959348574
2138,27.64688866560864
2139,27.724919330679356
2140,27.50014165605495
2141,27.46329927923324
2142,27.27348898363035
2143,27.089985221710215
2144,26.86432267769586
2145,26.795466109859635
2146,26.398314291339034
2147,26.094377279334807
2148,25.93817830859926
2149,25.999167790695118
2150,26.04285160269593
2151,25.89453845513951
2152,25.69167113954323
2153,25.9014831809349
2154,25.838621661343442
2155,25.51727713937353
2156,25.23090179155889
2157,25.202464960714845
2158,25.268762149134734
2159,25.316235281058425
2160,25.272820216094846
2161,25.478352105976523
2162,25.669640574148133
2163,25.597649586721634
2164,25.32259602066165
2165,25.23061975700461
2166,24.82857000015955
2167,24.41042448093578
2168,24.366408389668294
2169,24.323156470009586
2170,24.471610140908194
2171,24.34500590971821
2172,24.221181948305222
2173,24.52673164588976
2174,24.8962932263955
2175,24.604164729114284
2176,24.15946908598136
2177,24.030500042405418
2178,24.19173591643681
2179,24.402851915110983
2180,23.957949650109853
2181,23.78469773564627
2182,23.913793170637685
2183,24.05798789123684
2184,23.728616861978075
2185,23.595445833982385
2186,23.7099503018137
2187,23.746944066069258
2188,23.55991680739842
2189,23.3569865577979
2190,23.129302131650892
2191,23.00897534059434
2192,22.525948581653502
2193,21.862140853727627
2194,21.5326497312038
2195,21.432076083846063
2196,21.321530030313358
2197,21.364609344771058
2198,21.389876945289306
2199,21.41336183679391
2200,21.39206643169352
2201,21.251643434365093
2202,20.86137908370416
2203,20.893223926307826
2204,21.30795773012254
2205,21.429796683147526
2206,21.145945402096967
2207,21.199321856022774
2208,21.3952901214314
2209,21.504576199948282
2210,21.61951535129037
2211,21.196948754349417
2212,21.134990828357484
2213,21.289936010156396
2214,21.43967569691281
2215,21.78390348524451
2216,21.8052473740105
2217,21.29905985121631
2218,21.098730355644253
2219,21.07387266040634
2220,20.873903739951913
2221,20.34579859280089
2222,19.854661093977004
2223,19.657855078811536
2224,19.782679101605144
2225,19.8088286920843
2226,19.469144609321944
2227,19.700445588616702
2228,20.341956381404472
2229,20.595284663719593
2230,20.790580914450736
2231,20.662664594237413
2232,21.04210350594322
2233,21.046769084499868
2234,21.091116251598667
2235,20.693558571044694
2236,20.607722918561528
2237,20.70429648177128
2238,20.493046387881908
2239,20.014784622094666
2240,19.810794010583347
2241,19.44057131162897
2242,19.51499399480555
2243,19.533128420136215
2244,19.582503143735824
2245,19.797198613487975
2246,20.427266548299322
2247,20.99612648233786
2248,21.70599140750707
2249,22.189829134510827
2250,22.42796454567233
2251,22.701861995045615
2252,22.863206144785373
2253,22.989676005940265
2254,23.06976350036292
2255,23.20726332303176
2256,23.229339193450617
2257,23.33789429988069
2258,23.42863784077759
2259,23.43672367926687
2260,23.55061394249719
2261,23.502233349534603
2262,23.370259003575345
2263,23.273404348018783
2264,22.99040765658179
2265,22.529065188327372
2266,22.346372586270125
2267,22.214680131372912
2268,22.377594910660033
2269,22.3048007783076
2270,22.49849256221737
2271,22.774335506049393
2272,22.670911330144616
2273,22.29676403646696
2274,21.842724741023538
2275,21.61310653276488
2276,21.688568149311482
2277,21.646217599378698
2278,21.54312364259883
2279,21.996236820632152
2280,22.43701887799207
2281,22.551446084573772
2282,22.623074642222132
2283,22.48820458402679
2284,22.32125880173665
2285,22.25063780953956
2286,22.150533425433157
2287,22.12265937913628
2288,22.430758920391536
2289,22.713774359277274
2290,22.93154296808744
2291,23.115479155926074
2292,23.33261245849025
2293,23.65735423151195
2294,23.905833633733728
2295,24.070856751232814
2296,24.242582512196165
2297,24.36508363938963
2298,24.623022194896315
2299,24.556838040031572
2300,24.433904275119858
2301,24.313427707388946
2302,24.417917355800103
2303,24.420270141608967
2304,24.622901318967383
2305,24.758756470124688
2306,24.91755586112666
2307,25.102586735635892
2308,25.37480684664432
2309,25.483042573539148
2310,25.625575920803765
2311,25.89014088289465
2312,25.97242353308022
2313,26.207435319902803
2314,26.400929682789585
2315,26.606473352942782
2316,26.553768474617694
2317,26.6545769762704
2318,26.74860016467438
2319,26.46271290870467
2320,26.12106880888331
2321,25.985278449587508
2322,25.849245228881156
2323,25.944827175822525
2324,25.89588522312834
2325,25.685700449284283
2326,26.05316048537032
2327,26.257853317969065
2328,26.32235359152704
2329,26.529827430597294
2330,26.62080891866338
2331,26.601875398413238
2332,26.751519643619513
2333,26.949834084422417
2334,26.974444050700445
2335,27.204587497989994
2336,27.26928374259988
2337,27.54231372498895
2338,27.650464132239364
2339,27.63422971245628
2340,27.723150656498802
2341,27.765198299474104
2342,27.66932313365792
2343,27.700579937092627
2344,27.60494411477095
2345,27.768007117409535
2346,27.8208929216218
2347,27.946875068571234
2348,28.162828209843177
2349,28.21144609617118
2350,28.297655539527582
2351,28.26940655268794
2352,28.30584214186141
2353,28.139195944254126
2354,28.119446233463766
2355,28.270556437479406
2356,28.333280340944313
2357,28.55247607043226
2358,28.678228006141758
2359,28.665871789652762
2360,28.8703328243692
2361,29.03968575842865
2362,29.103200816245412
2363,29.095459670525965
2364,29.09309136848747
2365,29.227462789026532
2366,29.247909956541026
2367,29.226539463981375
2368,29.24845708984183
2369,29.262404174556742
2370,29.255677543565213
2371,29.272034072380652
2372,29.260503263938773
2373,29.163808210164152
2374,29.119072655137302
2375,28.92296545111342
2376,28.84864499964046
2377,28.78229225036207
2378,28.7303811437039
2379,28.82243647082646
2380,28.864746039320128
2381,28.817545509848344
2382,28.831379580497064
2383,28.86751389203813
2384,28.91116290953841
2385,28.92740075134238
2386,28.907010136658837
2387,28.896263442062452
2388,29.019425340399923
2389,29.043081655173328
2390,28.979247535935727
2391,29.053109526776222
2392,28.997644447224793
2393,28.910656962352927
2394,28.79979639364628
2395,28.60510680620803
2396,28.26870735502009
2397,28.027499662627694
2398,28.074685200690055
2399,28.11689388893697
2400,28.231052233884654
2401,28.32538980552001
2402,28.51305547290861
2403,28.930404810801647
2404,29.0742030076422
2405,28.93358586017136
2406,28.76735684223553
2407,28.69546856895494
2408,28.38544729303091
2409,28.357585744815015
2410,28.32991301175019
2411,28.389547911305282
2412,28.61647270579352
2413,28.702306187418372
2414,28.97766000739826
2415,29.33820378697094
2416,29.403287303468332
2417,29.537632188306755
2418,29.548516852848355
2419,29.583223287468027
2420,29.697237120574282
2421,29.50110032482512
2422,29.521894321572255
2423,29.410592641274327
2424,29.304313859771163
2425,29.13028487523864
2426,28.996008685100747
2427,28.857313569574913
2428,28.784787582309026
2429,28.77259882897438
2430,28.67301648985115
2431,28.66359941961718
2432,28.700140977488775
2433,28.836720992518355
2434,28.968998184926203
2435,29.035154056453038
2436,29.118191235501744
2437,29.30433349850129
2438,29.420507958724624
2439,29.42752197541234
2440,29.29151008636065
2441,29.405261160040663
2442,29.248256537286476
2443,29.10261769091582
2444,28.852493962419356
2445,28.67137358938328
2446,28.500320424212063
2447,28.485070295147928
2448,28.309054633690796
2449,28.339142307171432
2450,28.374502969785965
2451,28.472263978906728
2452,28.44918052034169
2453,28.38977794564628
2454,28.322323589830987
2455,28.42899053876697
2456,28.546550564654435
2457,28.552729238022224
2458,28.626866869476288
2459,28.772451511024553
2460,29.049046582489762
2461,28.97037828080478
2462,28.82105875363034
2463,28.60586378385541
2464,28.39103634453602
2465,28.316294994062233
2466,28.038892114346957
2467,27.922726438474083
2468,27.85938666164764
2469,27.703844662307617
2470,27.705468146666902
2471,27.87293254593997
2472,27.923778511811093
2473,27.86363328669671
2474,27.816011467323275
2475,27.82472032609819
2476,27.905927641798865
2477,27.93122698745167
2478,27.855641992509106
2479,27.831917155858584
2480,27.85616164843526
2481,27.94610551902557
2482,27.93811556030464
2483,28.055124170531215
2484,28.04822015812587
2485,28.080167119110154
2486,27.862107587180127
2487,27.672092342799164
2488,27.545027077258933
2489,27.480367221866807
2490,27.487344664928727
2491,27.4222639270706
2492,27.453939347358688
2493,27.492105524683417
2494,27.608655084650618
2495,27.590803807255103
2496,27.41671393439335
2497,27.317842097000312
2498,27.18898680693349
2499,26.947724145603225
2500,26.9964157197094
2501,26.900236706339673
2502,26.968730971853844
2503,27.03120754930995
2504,26.99773072859276
2505,26.98046437955056
2506,26.965973460351183
2507,27.01624568560054
2508,26.758171158470052
2509,26.712201210980272
2510,26.610349832394466
2511,26.5433823539014
2512,26.488879039962306
2513,26.530004099394116
2514,26.475973674845207
2515,26.491560662512512
2516,26.489559418804248
2517,26.349302643193464
2518,26.20400720817171
2519,26.13856153920969
2520,26.225510922696095
2521,26.199779937536572
2522,26.236683763902345
2523,26.21863784730982
2524,26.367734029419715
2525,26.353007511010063
2526,26.326990426065585
2527,26.287155278360213
2528,26.17794322111407
2529,26.124652138092333
2530,26.052181220440616
2531,25.719206107337314
2532,25.517757436073666
2533,25.52874792601917
2534,25.44164565011551
2535,25.451985853809663
2536,25.305474936363545
2537,25.154714194825907
2538,25.259376181598014
2539,25.37813817580433
2540,25.12985785066215
2541,24.702280775551472
2542,24.301905714291156
2543,23.909935014614174
2544,23.673938528229034
2545,23.404075274851362
2546,23.323736804156592
2547,23.6293583209036
2548,23.86735970238267
2549,24.238911466759223
2550,24.508249857878255
2551,24.723708259157473
2552,24.882696519954862
2553,24.97099654748932
2554,24.56215819889023
2555,24.30377510295143
2556,24.097140059654706
2557,24.06970414329932
2558,24.138560843219498
2559,24.115711023891528
2560,24.034950912947327
2561,24.159809776121925
2562,24.223168849449348
2563,23.944909505382054
2564,23.958591037189795
2565,24.098776625968473
2566,23.936556661500685
2567,23.928965407054235
2568,24.27403185331686
2569,23.97521140484195
2570,24.157772086393233
2571,24.32776535409562
2572,24.104401986178306
2573,23.796197630080815
2574,23.316241210733224
2575,22.86011297019066
2576,23.232656883296215
2577,23.41857489533347
2578,22.964257078226623
2579,22.594600759542878
2580,22.44301041844077
2581,22.451278402348727
2582,22.615605780076958
2583,22.47820124789589
2584,22.29169442643738
2585,22.60964943555926
2586,23.184100990441696
2587,23.69799606887484
2588,23.702681052192016
2589,23.530196435003432
2590,23.753897996414608
2591,24.0824461111916
2592,24.15136751017365
2593,23.81609191258485
2594,23.33531379534013
2595,23.054218411939562
2596,22.701975793441058
2597,22.048867891519947
2598,21.70655676033393
2599,21.7531630365837
2600,22.027387807537043
2601,22.548020019402436
2602,23.299799430896364
2603,23.849640157424865
2604,24.518930627120792
2605,24.625286036734632
2606,24.583016848086253
2607,24.511969505830734
2608,24.395348684589827
2609,24.190617112186995
2610,23.891684776987884
2611,23.561986427053814
2612,23.512915032934767
2613,23.625332233749436
2614,23.502686796091243
2615,23.151512904499008
2616,22.97392973090162
2617,22.825204804260142
2618,22.447736206990662
2619,22.158320292609393
2620,22.141230158762717
2621,22.19385042763438
2622,22.60819793777203
2623,23.122037545084726
2624,23.6571321326693
2625,24.285941725193997
2626,24.63243916676793
2627,24.992569965650105
2628,24.699957421407767
2629,24.452826331854535
2630,24.1910577710981
2631,23.559181366555716
2632,23.054719873201886
2633,23.080263427822956
2634,22.768520510206532
2635,22.82469287730706
2636,22.84616249991298
2637,23.175311003444495
2638,23.331110087133666
2639,23.558479969967582
2640,23.67577495307033
2641,23.854096483340477
2642,23.653341101323782
2643,23.400869790270487
2644,22.93812306488422
2645,22.977115574989398
2646,22.91887544786744
2647,22.468904849062138
2648,22.388699740706116
2649,22.69696488619384
2650,23.06023608455746
2651,23.380285967204422
2652,23.726615555114176
2653,24.23852961285783
2654,24.761900354316165
2655,24.875626896974513
2656,24.762220376433
2657,24.766478345020243
2658,24.885412546594026
2659,24.8326779653551
2660,24.739701762304076
2661,24.6224115327053
2662,24.715318887405957
2663,24.943495953853514
2664,24.96276682581571
2665,24.79333232489482
2666,24.85988739148548
2667,24.954802040034245
2668,24.915844058334248
2669,24.898511057354106
2670,25.048221144717818
2671,25.300988596698964
2672,25.34068393760033
2673,25.67506102427403
2674,25.957160750349036
2675,26.067249344537093
2676,25.958772890661056
2677,25.771862225961478
2678,25.65748424608544
2679,25.615898924672674
2680,25.494142641877126
2681,25.409388292010604
2682,25.371995547598786
2683,25.553845783125766
2684,25.719408183371048
2685,25.81157127002808
2686,25.8785699154854
2687,25.948938321353243
2688,25.90401397509316
2689,25.76306798327716
2690,25.86657136169691
2691,26.099583688710236
2692,25.918420564138987
2693,25.890487827037855
2694,25.8923855043784
2695,26.04676731947236
2696,26.185268637513058
2697,25.88219504364514
2698,25.87675858515396
2699,26.000121779201052
2700,25.992470152163275
2701,25.99780044543681
2702,26.259507823731255
2703,26.34498964784492
2704,26.607518715765426
2705,26.820153616078695
2706,27.10930499571937
2707,27.32903371484788
2708,27.495932586993664
2709,27.588810576164434
2710,27.678810851921046
2711,27.70144299925504
2712,27.703551921167627
2713,27.767191977337145
2714,27.906143429223558
2715,28.073505196627888
2716,28.147220040268174
2717,28.206737416874674
2718,28.452067016860664
2719,28.530991806559033
2720,28.645683090096867
2721,28.554673879734292
2722,28.55798434944709
2723,28.629810429864207
2724,28.637217888088408
2725,28.297240603668733
2726,28.419624657764956
2727,28.348239318391187
2728,28.541481729360477
2729,28.827738915639532
2730,28.978668729166984
2731,29.06532443516947
2732,29.422489597939503
2733,29.442700818118023
2734,29.325776328388383
2735,29.289980942396046
2736,29.08410586493142
2737,29.02940465130306
2738,29.133918216345975
2739,29.250314183433577
2740,29.19751826222581
2741,29.400329008438895
2742,29.404947387050733
2743,29.569388558823377
2744,29.54897904056321
2745,29.56565688783469
2746,29.66222855763677
2747,29.713943854324135
2748,29.66543219327528
2749,29.59975059074196
2750,29.564482097099066
2751,29.627541992007817
2752,29.665354133014244
2753,29.76200819676417
2754,29.586254785632985
2755,29.37097725985214
2756,28.898651656346267
2757,28.522095953137907
2758,28.158103328195992
2759,27.904687736614218
2760,27.433928103589146
2761,27.438860336424273
2762,27.511440804644277
2763,27.748314537211673
2764,28.10854954109996
2765,28.44466934088122
2766,28.546456785988955
2767,28.821182752959242
2768,28.940077377599074
2769,28.925235572267898
2770,28.638062383011917
2771,28.58768058348009
2772,28.370347415438143
2773,28.296572073874685
2774,28.1710582316769
2775,28.085781835501553
2776,27.958247254913893
2777,28.197489512674412
2778,28.08022094864949
2779,27.896796162458173
2780,28.18806270584226
2781,28.234422550983307
2782,28.001634297906858
2783,27.98432455383635
2784,27.964231108332662
2785,27.99691217095127
2786,27.859489289229735
2787,27.85377852283721
2788,27.625014653258834
2789,27.56241069629263
2790,27.468450393756264
2791,27.391835248851603
2792,27.278424159745114
2793,27.105225196465398
2794,27.129103112252622
2795,27.064320758406446
2796,27.081629133587324
2797,27.042653427051587
2798,27.09703768327717
2799,27.31634721377464
2800,27.519636875899835
2801,27.581717643389435
2802,27.834797586216503
2803,28.001730630745133
2804,28.2267858773612
2805,28.10580142921449
2806,28.08459563765346
2807,28.130882706207277
2808,28.023027944451247
2809,28.154391044415124
2810,28.069329019102273
2811,28.172861176946743
2812,28.396743683216133
2813,28.4125720212068
2814,28.455051288232358
2815,28.48853641036199
2816,28.603707939953917
2817,28.568264672676957
2818,28.532773221145728
2819,28.521429612990616
2820,28.50585008389805
2821,28.46055992709338
2822,28.41285042885057
2823,28.32354380947719
2824,28.29283352135555
2825,28.279142259976147
2826,28.24724566378005
2827,28.353418423862898
2828,28.35077729250763
2829,28.235367165493283
2830,28.30672028184958
2831,28.131084517451914
2832,28.168987172566748
2833,28.198879891493075
2834,28.125710193478415
2835,28.32002856721772
2836,28.155311928741423
2837,28.09712382471725
2838,28.08609098896229
2839,28.145309914857883
2840,28.045622391616213
2841,27.81907776538262
2842,27.38727148371639
2843,27.468540344553244
2844,27.507482538017715
2845,27.464889635615545
2846,27.348707332345494
2847,27.131026267834905
2848,27.16334004207051
2849,27.270320371708543
2850,27.321076750088555
2851,27.3028849421382
2852,27.23984516897535
2853,27.27647415445393
2854,27.483319833091738
2855,27.648946303721814
2856,27.864996041245227
2857,27.81485203344364
2858,27.94008096329632
2859,28.04013733871787
2860,28.09169707030702
2861,28.004515989922353
2862,27.895089103198178
2863,27.601188281132345
2864,27.600389011312174
2865,27.392695997094354
2866,27.087838776833827
2867,26.9699208811439
2868,27.00639742934063
2869,27.10328763252818
2870,27.326625875980113
2871,27.127969647632185
2872,27.188472240643343
2873,27.343997422564776
2874,27.333692977069116
2875,27.10768640807919
2876,27.064134140183473
2877,27.049307577155737
2878,26.97466594844539
2879,26.82751773302623
2880,26.682520784235535
2881,26.5466620099487
2882,26.475380607799114
2883,26.430950247265304
2884,26.211783142830296
2885,26.308142825197994
2886,26.39641338800245
2887,26.218040857578792
2888,26.212551484701407
2889,26.35523825754382
2890,26.36054893828424
2891,26.367345763976815
2892,26.4355245977597
2893,26.27421517420673
2894,26.23111522747482
2895,26.266162802899924
2896,26.2605941585136
2897,26.014117079751987
2898,25.876647489072838
2899,25.526315139220372
2900,25.2248219787545
2901,25.274459937791114
2902,25.305130923618243
2903,25.372642778107373
2904,25.191542076024284
2905,24.927535968413295
2906,24.85899032145667
2907,24.893460736734497
2908,24.681829158439925
2909,24.430361261420863
2910,24.284984314906403
2911,24.42276216009996
2912,24.54004626291879
2913,24.300597604702766
2914,24.39655103617893
2915,24.556020895458616
2916,24.307652708161456
2917,24.11700738746286
2918,23.815769170326252
2919,23.7618584197713
2920,23.85707109296391
2921,23.66318591638753
2922,23.165612935670314
2923,22.972975712969156
2924,22.729314787731624
2925,22.318287997670115
2926,21.878147260879313
2927,21.89093759833919
2928,22.039018135356915
2929,21.866563561864226
2930,22.109738778241834
2931,22.315008896790406
2932,22.89640791932203
2933,23.059990779810683
2934,22.908962766290955
2935,22.54049363619054
2936,22.065228949267258
2937,21.63721392554379
2938,21.59705932188937
2939,21.574458070629685
2940,21.33523787526225
2941,21.61191859892483
2942,21.774917682450877
2943,22.082516805431748
2944,22.140665274524608
2945,21.884834294905396
2946,21.56130304327853
2947,21.745812020664722
2948,21.754440026038623
2949,21.865674681727292
2950,21.8730434008611
2951,22.112189824638275
2952,22.242481801934222
2953,21.969553325064243
2954,21.66982850218468
2955,21.58554482726255
2956,21.67555181108478
2957,21.57669402537714
2958,21.397101374983865
2959,21.48354669341116
2960,21.61330502285854
2961,21.62782761758863
2962,21.387227606292274
2963,20.925871172606172
2964,20.85389700392336
2965,20.561868149003455
2966,20.150745841047357
2967,20.07943318701648
2968,20.387180960052078
2969,20.34547749822936
2970,20.67681713829499
2971,20.844435734504355
2972,20.88203973211812
2973,21.413800770294
2974,21.760469875977755
2975,21.91758801079404
2976,22.32243784771657
2977,22.654099619887248
2978,22.815675676445107
2979,22.89944222975754
2980,22.936376574002338
2981,22.79202962090044
2982,22.44610948414792
2983,22.23635050703393
2984,22.27187476693392
2985,22.55223729900384
2986,22.845299879531808
2987,22.8746083307855
2988,22.934176911385922
2989,22.754771278874024
2990,22.28977722533968
2991,21.951154504286453
2992,21.82674748150076
2993,21.61993301676703
2994,21.129640179280326
2995,20.817377681337778
2996,20.919450780993913
2997,21.04691442729344
2998,20.957044389603393
2999,20.865798540914927
3000,20.85975926562974
3001,21.08259900351908
3002,21.563305324638012
3003,21.73297774022137
3004,22.21167714133782
3005,22.50564674725816
3006,22.135940111081755
3007,21.885399971789557
3008,21.942083353934454
3009,21.727314036241996
3010,22.050274294821012
3011,22.01597823226986
3012,21.892062638188484
3013,21.90870373457654
3014,21.978501779530855
3015,22.12329407564894
3016,22.156963550029424
3017,21.92640874314695
3018,21.772586316228494
3019,22.015312888806456
3020,22.850302013584113
3021,23.539149915960863
3022,23.90755100328914
3023,24.171135579046712
3024,24.55596956695209
3025,24.835654708621842
3026,25.264823326826637
3027,25.396101234787622
3028,25.318668210598425
3029,25.736348456009434
3030,26.034195776984284
3031,26.178657785985166
3032,26.306960258792717
3033,25.841169380919652
3034,25.53690425886638
3035,25.40119119048912
3036,25.353132670214475
3037,25.272300064983554
3038,25.278987066682674
3039,25.40281361609894
3040,25.930094161194603
3041,26.141003737428193
3042,26.0022002183642
3043,25.713435942031285
3044,25.510018704824287
3045,25.306917742860662
3046,25.262081466900746
3047,25.175418160652026
3048,25.287297895793003
3049,25.70969124788883
3050,25.94585821388639
3051,26.049732456625794
3052,26.03750817120634
3053,25.947384350281236
3054,25.98885241977608
3055,26.042163122862245
3056,26.231814724815433
3057,26.499963322357655
3058,26.871037868308246
3059,26.990632340040115
3060,27.178278652952024
3061,27.089841205892093
3062,27.05083498494969
3063,27.12270137529995
3064,27.069685281111912
3065,26.99929306169144
3066,27.187745398908433
3067,27.356566821332795
3068,27.522616613638707
3069,27.474861711889517
3070,27.305436679071118
3071,27.304247578913184
3072,27.62602784315256
3073,27.68621739816384
3074,27.89032674642967
3075,27.85291828607239
3076,27.809649373967744
3077,27.586916714146597
3078,27.39214434683831
3079,27.26480859950562
3080,27.15519309822853
3081,27.046089122678868
3082,27.146083446212387
3083,27.515189838176646
3084,28.0435922333872
3085,28.334565088783393
3086,28.557442068763464
3087,28.84328355911737
3088,29.03138531212163
3089,29.093441720631688
3090,29.01131652202276
3091,29.01020430968911
3092,29.10073639438939
3093,28.9785639279045
3094,28.946694438942476
3095,29.050233752556757
3096,29.085545922242247
3097,29.149053800459285
3098,29.149238585821212
3099,29.14696325010353
3100,29.10218783560327
3101,29.14157163632092
3102,28.985435124139382
3103,29.134056905770095
3104,29.18627363691639
3105,29.345810279178874
3106,29.34931566971588
3107,29.586746129735698
3108,29.727491008632096
3109,29.869796802492246
3110,29.946337952580247
3111,29.80861433909589
3112,29.912283211510122
3113,29.901742010422623
3114,29.85130264988218
3115,29.826470853850967
3116,29.711420562209856
3117,29.766616063035467
3118,29.672833751379354
3119,29.761107489406186
3120,29.654934235793622
3121,29.822917651235695
3122,29.745323485255806
3123,29.749317361326803
3124,29.500264821644947
3125,29.392572108141653
3126,29.33028749765529
3127,29.215208654513567
3128,28.89213644605828
3129,28.58284491024876
3130,28.17070505337141
3131,28.14370565993818
3132,28.09154046522021
3133,28.01760462037582
3134,27.91773814319697
3135,27.88495778396588
3136,28.04543967614249
3137,27.93026980166347
3138,27.994395058002546
3139,27.876053595453158
3140,27.811580080975208
3141,27.7739280123701
3142,27.849174181585756
3143,27.873987533275788
3144,28.08083800081925
3145,28.262329166787573
3146,28.14602705701403
3147,28.55708557812282
3148,28.781831622046777
3149,28.857178375259295
3150,28.98963010372703
3151,29.2292900319561
3152,29.353545168436657
3153,29.316059849686976
3154,29.343355240102046
3155,29.253864768971987
3156,29.23273275186668
3157,29.221329287188933
3158,29.03060830333296
3159,28.67827988115255
3160,28.411645258554607
3161,28.196970645995954
3162,28.016404655844802
3163,27.944477732589995
3164,27.97210354743797
3165,28.15813056467697
3166,28.426547536922524
3167,28.49287234223926
3168,28.543770706688196
3169,28.64306978987266
3170,28.65277590005562
3171,28.601141439150705
3172,28.54168984676469
3173,28.653891538358206
3174,28.790392578764152
3175,28.84319135955999
3176,28.95824093331886
3177,29.059657121887913
3178,28.93336251475329
3179,29.075476313922273
3180,29.020991404071072
3181,29.07787152416658
3182,28.98252752120228
3183,29.06733242088494
3184,29.12856949166397
3185,29.122201672203552
3186,29.02312309270595
3187,29.02176790052758
3188,28.899290763479218
3189,28.74671498494128
3190,28.78294792920699
3191,28.697663311410576
3192,28.649899010127434
3193,28.63764647193477
3194,28.53256633886646
3195,28.78721936149657
3196,28.93241194121688
3197,28.820333536858435
3198,28.904370245581582
3199,29.039458463397565
3200,29.046256515103696
3201,28.936399596901786
3202,28.946710322971885
3203,28.880890157071125
3204,28.876275408551795
3205,28.793309627099386
3206,28.70941432137289
3207,28.611186600890495
3208,28.670104665679688
3209,28.553449123328562
3210,28.424388536118304
3211,28.368573689448596
3212,28.312288201229823
3213,28.426009015161934
3214,28.50054882128577
3215,28.700012761147264
3216,28.823308685172172
3217,28.86914210251878
3218,28.93121924025008
3219,28.91129761875402
3220,28.795815381464756
3221,28.802540588765204
3222,28.683096567342428
3223,28.561198783284343
3224,28.250890512118964
3225,28.126786845026
3226,28.044033639008145
3227,27.938798351014345
3228,27.831035885688514
3229,27.61231401738978
3230,27.438483922216793
3231,27.337276435893504
3232,27.08638757007687
3233,26.814842879831424
3234,26.563921142073795
3235,26.210645538661694
3236,25.979417355865397
3237,25.887576292963377
3238,26.015159376507693
3239,26.014604857969427
3240,26.108456179148686
3241,26.167636871309696
3242,26.14927103980405
3243,26.300050811545322
3244,25.99785414879984
3245,25.716377158264944
3246,25.764923326501474
3247,25.72020650341232
3248,25.556816118056698
3249,25.594585932784614
3250,25.747641015560266
3251,26.029635651600778
3252,26.14902281717825
3253,26.17238637248105
3254,26.307202876181844
3255,26.451850086180052
3256,26.37570523504371
3257,26.40916227333445
3258,26.426204486654328
3259,26.203084936803762
3260,26.353744694967425
3261,26.286805199833903
3262,26.249765524698933
3263,26.214581097853706
3264,26.305551598370023
3265,26.200294894954666
3266,26.36846247777739
3267,25.91546609412845
3268,25.58933602302123
3269,25.60114028674141
3270,25.53592460473004
3271,25.460134485921255
3272,25.400312184553453
3273,25.44636360807792
3274,25.880057292899846
3275,26.057743411766914
3276,25.90690496352035
3277,25.88380342613215
3278,25.909455859610347
3279,25.841684717054928
3280,25.506716653265503
3281,24.92653800012
3282,24.64219033463913
3283,24.334961068657236
3284,24.08204224874305
3285,23.601262826004728
3286,23.098894388084293
